id,use_case_id,title,note,last_updated_at
observation-1,use-case-1,Arctic sensing depth exceeds deployment depth,The landscape is strongest in sensing and fusion but only a few capabilities look ready for immediate engagement,2026-04-20T00:00:00.000Z
observation-2,use-case-1,Connectivity and integration decide whether Arctic watch is usable,Many strong sensing options still depend on relay power and software layers to work in remote Arctic settings,2026-04-20T00:00:00.000Z
observation-3,use-case-1,Autonomous platforms remain strategically relevant but immature,The most novel maritime and over-snow systems still sit in Build or early Validate rather than procurement-facing maturity,2026-04-20T00:00:00.000Z
observation-4,use-case-2,Network depth is stronger than local autonomy,This Use Case is rich in relay and software layers but thinner in self-sustaining field nodes,2026-04-20T00:00:00.000Z
observation-5,use-case-2,Software differentiates the strongest network options,The highest-ranked entries combine resilience with a clearer operator workflow rather than simple data transport,2026-04-20T00:00:00.000Z
observation-6,use-case-2,Support layers matter as much as sensors,Distributed sensing value drops quickly when power and local bandwidth controls are missing,2026-04-20T00:00:00.000Z
observation-7,use-case-3,Underwater ISR depends on pairing platforms with sensing payloads,The most credible subsea options are combinations rather than stand-alone products,2026-04-20T00:00:00.000Z
observation-8,use-case-3,Few underwater options are procurement-ready,Most subsea systems still need more endurance and support validation before near-term deployment,2026-04-20T00:00:00.000Z
observation-9,use-case-3,Integration layers still shape underwater value,Relay and edge software remain important even in a platform-led subsea Use Case,2026-04-20T00:00:00.000Z
observation-10,use-case-4,Autonomous patrol is support-constrained,Strong patrol concepts still rely on sustainment networking and local software to become usable,2026-04-20T00:00:00.000Z
observation-11,use-case-4,Ground autonomy is earlier than maritime patrol,Over-snow systems add useful reach but remain less mature than the strongest maritime options,2026-04-20T00:00:00.000Z
observation-12,use-case-4,Temporary watch options fill short campaign gaps,Deployable EO and sensor sled systems are useful for short coverage windows even if they do not solve persistence alone,2026-04-20T00:00:00.000Z
observation-13,use-case-5,Edge processing has clearer near-term depth than some other Use Cases,Several software entries already look usable without waiting for entirely new hardware programs,2026-04-20T00:00:00.000Z
observation-14,use-case-5,The strongest edge options reduce analyst burden,Top-ranked entries stand out because they turn remote feeds into prioritised local decisions rather than more raw data,2026-04-20T00:00:00.000Z
observation-15,use-case-5,Infrastructure still shapes software value,Edge software remains more compelling when paired with resilient networking and stable local power,2026-04-20T00:00:00.000Z
observation-16,use-case-6,Communications resilience is an enabling Use Case,Many strong entries keep the broader system alive but are not lead decision objects on their own,2026-04-20T00:00:00.000Z
observation-17,use-case-6,Mesh and relay options are more mature than support systems,Networking layers look more actionable today than the sustainment hardware that supports long campaigns,2026-04-20T00:00:00.000Z
observation-18,use-case-6,Local software remains part of communications resilience,Teams still need edge mission software to stay effective when backhaul collapses,2026-04-20T00:00:00.000Z
observation-19,use-case-7,Cyber assurance is represented through mission continuity layers,The current dataset supports cyber mission assurance through disconnected software bandwidth control and anomaly triage rather than standalone cyber tools,2026-04-24T00:00:00.000Z
observation-20,use-case-7,Operational impact is the right filter,The strongest candidates are those that keep remote mission workflows alive under disruption rather than those that only add generic security monitoring,2026-04-24T00:00:00.000Z
observation-21,use-case-7,Critical infrastructure framing should remain public source only,The Use Case can align to national cyber resilience priorities while avoiding claims about sensitive system risks or classified guidance,2026-04-24T00:00:00.000Z
observation-22,use-case-8,Sustainment depth is strongest in relay power and local software,The dataset supports readiness through remote power communications and software continuity more than through munitions or fleet scale logistics,2026-04-24T00:00:00.000Z
observation-23,use-case-8,Industrial realism should follow capability evidence,Procurement language is useful only where company and capability records show plausible delivery or support paths,2026-04-24T00:00:00.000Z
observation-24,use-case-8,Readiness depends on support layers not just sensors,Remote mission systems lose value quickly when power relay recovery and local coordination layers are thin,2026-04-24T00:00:00.000Z
